,,,,
Fn,Ln,DOB,email,City
Siddiq,Hassan,01/01/1990,soh@gmail,Dublin
melfwoy,wolf,01/01/1996,melf@gmial,London
Paddy,power,01/01/1900,paddy@gmail,Australia
Jack,sean,01/01/1970,jack@gmail.com,Dublin
Noor,Din,01/01/1700,noor@gmail,Munich
Hijab Zehra,01/01/01,Hijab@gmail,Dublin
Mussadaq Fahad,01/01/1900,Fahadmussadaq@gmail.com,Iran
Goodie Mastermind,01/01/1998,goodie@gmail.com,Germany
Mussadi Dako,6/6/6,Hutama@gmail.com,Hell
Mara Rab,0000000000,rabdirectconnection,straight
Final Try,0000000000,s@gmail,Dublin
